{
  "root_items": [
    {
      "id": "dashboards_group",
      "type": "GROUP",
      "name": "Dashboards",
      "description": "",
      "modifiable": true,
      "children": [
        {
          "id": "group_1620241826873",
          "type": "GROUP",
          "name": "Console Data",
          "modifiable": true,
          "children": [
            {
              "id": "perspective_1620241833996",
              "type": "ITEM",
              "name": "Console Sales",
              "modifiable": true,
              "context": "resourceId=Console Sales;resourceType=PERSPECTIVE;"
            },
            {
              "id": "perspective_1620241842002",
              "type": "ITEM",
              "name": "Console Sales Summary",
              "modifiable": true,
              "context": "resourceId=Console Sales Summary;resourceType=PERSPECTIVE;"
            },
            {
              "id": "perspective_1620241846585",
              "type": "ITEM",
              "name": "Console by Manufacturer",
              "modifiable": true,
              "context": "resourceId=Console by Manufacturer;resourceType=PERSPECTIVE;"
            }
          ]
        }
      ]
    }
  ]
}